Facility_ID,NPI,Name,State,Contact_info
1,8464857533,Thomasberg Clinic,MA,"{""phone"": ""588.449.6965"", ""address"": ""01226 Paul Ranch Suite 848"", ""city"": ""Thomasberg"", ""state"": ""MA"", ""zip"": ""02005""}"
2,3093766677,Lake Nicoleview Care Center,TX,"{""phone"": ""001-551-446-2704x82814"", ""address"": ""88095 Smith Lake Suite 303"", ""city"": ""Lake Nicoleview"", ""state"": ""TX"", ""zip"": ""74865""}"
3,5776926314,North Jessicaland Care Center,OH,"{""phone"": ""001-682-827-8248x96383"", ""address"": ""8713 Caleb Brooks Apt. 930"", ""city"": ""North Jessicaland"", ""state"": ""OH"", ""zip"": ""09806""}"
4,8809650583,East Carloston Family Practice,IL,"{""phone"": ""818-534-7382x99737"", ""address"": ""65667 Emily Rue"", ""city"": ""East Carloston"", ""state"": ""IL"", ""zip"": ""13400""}"
5,6427964415,South Jessicaville Hospital,TX,"{""phone"": ""933.587.2624"", ""address"": ""8108 Tanya Terrace"", ""city"": ""South Jessicaville"", ""state"": ""TX"", ""zip"": ""31483""}"
6,4367656390,South Todd Hospital,TN,"{""phone"": ""660.826.0647"", ""address"": ""34309 Julie Centers Apt. 978"", ""city"": ""South Todd"", ""state"": ""TN"", ""zip"": ""70116""}"
7,4832938776,North Susan Medical Center,KY,"{""phone"": ""521-291-3619"", ""address"": ""9985 Harris Stravenue"", ""city"": ""North Susan"", ""state"": ""KY"", ""zip"": ""41681""}"
8,8807415684,West Randy Family Practice,GA,"{""phone"": ""+1-647-451-0799x11838"", ""address"": ""35427 Carr Valley Apt. 841"", ""city"": ""West Randy"", ""state"": ""GA"", ""zip"": ""18102""}"
9,5085071938,Darrellville Health Center,OH,"{""phone"": ""001-282-344-9353x4874"", ""address"": ""0052 Martin Mills Suite 801"", ""city"": ""Darrellville"", ""state"": ""OH"", ""zip"": ""10363""}"
10,3129961266,New Barry Clinic,CA,"{""phone"": ""(598)326-2045x053"", ""address"": ""692 Michelle Union Apt. 602"", ""city"": ""New Barry"", ""state"": ""CA"", ""zip"": ""97043""}"
11,7714128521,Kimberlychester Care Center,FL,"{""phone"": ""+1-534-221-6073x37543"", ""address"": ""5414 May Locks"", ""city"": ""Kimberlychester"", ""state"": ""FL"", ""zip"": ""89566""}"
12,1947502718,Sheilaville Care Center,AL,"{""phone"": ""329-840-1965x569"", ""address"": ""0608 Michael Cliff"", ""city"": ""Sheilaville"", ""state"": ""AL"", ""zip"": ""87563""}"
13,1599029712,Cindyville Health Center,SC,"{""phone"": ""001-448-646-5648x2366"", ""address"": ""044 Russell Prairie Suite 777"", ""city"": ""Cindyville"", ""state"": ""SC"", ""zip"": ""89056""}"
14,2315559197,New Thomas Family Practice,NC,"{""phone"": ""001-221-248-9513x4332"", ""address"": ""9176 Jennifer Lights"", ""city"": ""New Thomas"", ""state"": ""NC"", ""zip"": ""65300""}"
15,8421977713,Sancheztown Hospital,OH,"{""phone"": ""001-716-932-8708x31727"", ""address"": ""727 Green Gateway Suite 873"", ""city"": ""Sancheztown"", ""state"": ""OH"", ""zip"": ""36493""}"
16,2294847396,Jonesport Hospital,RI,"{""phone"": ""845.458.1223"", ""address"": ""66587 Brown Village"", ""city"": ""Jonesport"", ""state"": ""RI"", ""zip"": ""55570""}"
17,9288734251,Steinshire Family Practice,MI,"{""phone"": ""001-509-967-0546x688"", ""address"": ""6706 Caldwell Union"", ""city"": ""Steinshire"", ""state"": ""MI"", ""zip"": ""53495""}"
18,3562480740,Port Tanner Clinic,NJ,"{""phone"": ""(898)406-9901"", ""address"": ""04653 Murphy Trace Suite 464"", ""city"": ""Port Tanner"", ""state"": ""NJ"", ""zip"": ""11236""}"
19,2382520556,Smithside Health Center,CA,"{""phone"": ""4535100330"", ""address"": ""1937 Wang Expressway"", ""city"": ""Smithside"", ""state"": ""CA"", ""zip"": ""79916""}"
20,1190332147,Port Loriport Medical Center,CA,"{""phone"": ""590-349-6631"", ""address"": ""919 Michael Meadow Suite 185"", ""city"": ""Port Loriport"", ""state"": ""CA"", ""zip"": ""02159""}"
21,1498558682,Shortville Clinic,NC,"{""phone"": ""(657)726-2849x87769"", ""address"": ""47379 Rogers Park"", ""city"": ""Shortville"", ""state"": ""NC"", ""zip"": ""43101""}"
22,1480437393,South Jason Clinic,MI,"{""phone"": ""954-594-8083x136"", ""address"": ""770 Kelly Lodge Apt. 495"", ""city"": ""South Jason"", ""state"": ""MI"", ""zip"": ""62532""}"
23,6320294344,Ronaldside Health Center,NJ,"{""phone"": ""557-944-4313x51823"", ""address"": ""989 Hooper Village Apt. 435"", ""city"": ""Ronaldside"", ""state"": ""NJ"", ""zip"": ""24020""}"
24,4542674111,Alexisside Family Practice,PA,"{""phone"": ""(240)608-4271"", ""address"": ""7520 Everett Neck Apt. 167"", ""city"": ""Alexisside"", ""state"": ""PA"", ""zip"": ""10211""}"
25,3861919872,East Edwardshire Regional Hospital,NY,"{""phone"": ""913-618-6999x3867"", ""address"": ""9909 Stacey Fords Apt. 412"", ""city"": ""East Edwardshire"", ""state"": ""NY"", ""zip"": ""31940""}"
26,8875044479,New Charles Health Center,NJ,"{""phone"": ""6679974034"", ""address"": ""349 Ronald Plains"", ""city"": ""New Charles"", ""state"": ""NJ"", ""zip"": ""29967""}"
27,8660184640,West Margaret Health Center,NJ,"{""phone"": ""902-649-9471"", ""address"": ""8877 Carly Meadows Suite 940"", ""city"": ""West Margaret"", ""state"": ""NJ"", ""zip"": ""12471""}"
28,2633485686,Lake Mary Medical Center,ID,"{""phone"": ""001-990-649-0278"", ""address"": ""671 Bailey Isle"", ""city"": ""Lake Mary"", ""state"": ""ID"", ""zip"": ""42582""}"
29,3130703839,Port Eugenechester Clinic,AZ,"{""phone"": ""001-874-268-0715x451"", ""address"": ""0385 Garrett Trace Apt. 348"", ""city"": ""Port Eugenechester"", ""state"": ""AZ"", ""zip"": ""17673""}"
30,6141093865,Samuelfort Clinic,MA,"{""phone"": ""809-332-4808"", ""address"": ""71274 Perry Orchard"", ""city"": ""Samuelfort"", ""state"": ""MA"", ""zip"": ""62395""}"
31,4746361830,South Andrea Clinic,FL,"{""phone"": ""(639)982-1465x8404"", ""address"": ""8755 Gibson Islands"", ""city"": ""South Andrea"", ""state"": ""FL"", ""zip"": ""25228""}"
32,4362527245,New Patrick Medical Center,LA,"{""phone"": ""001-360-957-6627x02895"", ""address"": ""702 Pitts Drives"", ""city"": ""New Patrick"", ""state"": ""LA"", ""zip"": ""10308""}"
33,5713776537,Harringtonview Regional Hospital,TX,"{""phone"": ""696-515-8657x80913"", ""address"": ""1172 Berger Cape"", ""city"": ""Harringtonview"", ""state"": ""TX"", ""zip"": ""43017""}"
34,8501126983,West Michaelchester Medical Center,FL,"{""phone"": ""(838)569-2221"", ""address"": ""237 Stevens Shores Apt. 748"", ""city"": ""West Michaelchester"", ""state"": ""FL"", ""zip"": ""21207""}"
35,1467656798,South Sierrashire Hospital,CA,"{""phone"": ""664-674-3671x3695"", ""address"": ""640 Renee Summit"", ""city"": ""South Sierrashire"", ""state"": ""CA"", ""zip"": ""65608""}"
36,1892018274,Kimberlybury Regional Hospital,GA,"{""phone"": ""+1-753-439-4210x470"", ""address"": ""5623 Kristin Wells"", ""city"": ""Kimberlybury"", ""state"": ""GA"", ""zip"": ""48454""}"
37,8592174563,Mariaview Care Center,GA,"{""phone"": ""245.617.1236x8516"", ""address"": ""5496 Rodriguez Fort"", ""city"": ""Mariaview"", ""state"": ""GA"", ""zip"": ""62298""}"
38,9816136124,New Nicoleside Regional Hospital,NC,"{""phone"": ""393-517-4612x00471"", ""address"": ""7586 Nicole Shoal"", ""city"": ""New Nicoleside"", ""state"": ""NC"", ""zip"": ""13479""}"
39,8218232921,Gilbertview Family Practice,NJ,"{""phone"": ""7532773515"", ""address"": ""3171 Darlene Ranch Apt. 053"", ""city"": ""Gilbertview"", ""state"": ""NJ"", ""zip"": ""17006""}"
40,6782349483,North Maria Care Center,SC,"{""phone"": ""+1-639-433-5290"", ""address"": ""421 David Knolls"", ""city"": ""North Maria"", ""state"": ""SC"", ""zip"": ""31687""}"
41,8010967190,Alfredview Care Center,NC,"{""phone"": ""3269811775"", ""address"": ""084 Schneider Burgs"", ""city"": ""Alfredview"", ""state"": ""NC"", ""zip"": ""08473""}"
42,5824612322,Boonechester Medical Center,LA,"{""phone"": ""+1-717-871-1592x12499"", ""address"": ""8961 Melissa Run Apt. 673"", ""city"": ""Boonechester"", ""state"": ""LA"", ""zip"": ""54740""}"
43,5628005831,Mariafurt Regional Hospital,TN,"{""phone"": ""(315)765-4527x11116"", ""address"": ""098 Santiago Loop"", ""city"": ""Mariafurt"", ""state"": ""TN"", ""zip"": ""46847""}"
44,5165194289,Parrishton Regional Hospital,CO,"{""phone"": ""794-351-9832x7315"", ""address"": ""368 Chelsea Shoals Suite 024"", ""city"": ""Parrishton"", ""state"": ""CO"", ""zip"": ""92605""}"
45,4465805464,Sandrastad Family Practice,AZ,"{""phone"": ""5228961201"", ""address"": ""5254 Frank Port Apt. 022"", ""city"": ""Sandrastad"", ""state"": ""AZ"", ""zip"": ""99386""}"
46,3398169857,Lake Christophermouth Family Practice,CA,"{""phone"": ""+1-967-697-6438x15614"", ""address"": ""69003 Dougherty Trafficway"", ""city"": ""Lake Christophermouth"", ""state"": ""CA"", ""zip"": ""18488""}"
47,2257915698,Keithville Health Center,OK,"{""phone"": ""7763226838"", ""address"": ""060 Morse Wall Suite 969"", ""city"": ""Keithville"", ""state"": ""OK"", ""zip"": ""53509""}"
48,4752004316,Robertsfurt Health Center,MI,"{""phone"": ""5528975161"", ""address"": ""164 Walker Tunnel Apt. 181"", ""city"": ""Robertsfurt"", ""state"": ""MI"", ""zip"": ""70048""}"
49,3093129464,Port Michael Hospital,CA,"{""phone"": ""001-923-912-4329x2127"", ""address"": ""527 Taylor Roads Suite 490"", ""city"": ""Port Michael"", ""state"": ""CA"", ""zip"": ""46630""}"
50,4297532048,West Steventon Hospital,MN,"{""phone"": ""9542119986"", ""address"": ""359 Mason Circle Suite 151"", ""city"": ""West Steventon"", ""state"": ""MN"", ""zip"": ""66633""}"
51,3947460079,North John Health Center,CA,"{""phone"": ""278.789.2554x665"", ""address"": ""1864 Cummings Shoals"", ""city"": ""North John"", ""state"": ""CA"", ""zip"": ""79498""}"
52,7171690108,West Christopher Hospital,OH,"{""phone"": ""+1-325-846-2914x86528"", ""address"": ""54235 Lee Dam Apt. 141"", ""city"": ""West Christopher"", ""state"": ""OH"", ""zip"": ""67044""}"
53,3671888270,Lake Matthewberg Care Center,MA,"{""phone"": ""+1-962-622-9270x653"", ""address"": ""83473 Gregory Ports Suite 746"", ""city"": ""Lake Matthewberg"", ""state"": ""MA"", ""zip"": ""66417""}"
54,9247132174,Burchborough Regional Hospital,KS,"{""phone"": ""+1-424-607-5818x141"", ""address"": ""261 Lisa Keys Apt. 606"", ""city"": ""Burchborough"", ""state"": ""KS"", ""zip"": ""66300""}"
55,5328193854,Joeland Care Center,HI,"{""phone"": ""(930)951-5220x472"", ""address"": ""04328 Rodriguez Heights"", ""city"": ""Joeland"", ""state"": ""HI"", ""zip"": ""31648""}"
56,5818913107,Davidbury Hospital,NY,"{""phone"": ""(897)211-7980x89324"", ""address"": ""96218 Jones Pine Apt. 670"", ""city"": ""Davidbury"", ""state"": ""NY"", ""zip"": ""83819""}"
57,8637044398,Zavalaview Health Center,IN,"{""phone"": ""001-705-415-3195x2058"", ""address"": ""722 Jennifer Mount Apt. 430"", ""city"": ""Zavalaview"", ""state"": ""IN"", ""zip"": ""26645""}"
58,8239526450,West Sarahhaven Family Practice,CA,"{""phone"": ""(887)840-3450x5415"", ""address"": ""5277 Glass Path Suite 161"", ""city"": ""West Sarahhaven"", ""state"": ""CA"", ""zip"": ""56941""}"
59,5794500484,New Kelly Care Center,CA,"{""phone"": ""915-744-7962"", ""address"": ""59640 Emily Lodge Suite 820"", ""city"": ""New Kelly"", ""state"": ""CA"", ""zip"": ""19215""}"
60,3593400527,Johnsonland Family Practice,WA,"{""phone"": ""755.769.0927"", ""address"": ""92856 Banks Gateway Apt. 027"", ""city"": ""Johnsonland"", ""state"": ""WA"", ""zip"": ""68362""}"
61,7614038460,Mcintyreville Medical Center,TX,"{""phone"": ""447-939-4731x217"", ""address"": ""551 Vance Vista"", ""city"": ""Mcintyreville"", ""state"": ""TX"", ""zip"": ""21145""}"
62,7253183158,Port Michael Clinic,OH,"{""phone"": ""713.923.7058"", ""address"": ""114 Key Stravenue"", ""city"": ""Port Michael"", ""state"": ""OH"", ""zip"": ""63240""}"
63,8746471614,Hammondshire Regional Hospital,GA,"{""phone"": ""425-417-7852"", ""address"": ""018 Kevin Estates Suite 358"", ""city"": ""Hammondshire"", ""state"": ""GA"", ""zip"": ""37731""}"
64,6529417664,West Jamesside Medical Center,WA,"{""phone"": ""724-298-1829x922"", ""address"": ""09439 Montgomery Burgs"", ""city"": ""West Jamesside"", ""state"": ""WA"", ""zip"": ""65779""}"
65,1855861733,Dawnport Family Practice,PA,"{""phone"": ""736.447.1027x6773"", ""address"": ""556 Kathleen Passage Apt. 537"", ""city"": ""Dawnport"", ""state"": ""PA"", ""zip"": ""16560""}"
66,1760438969,Shannonberg Care Center,OK,"{""phone"": ""704-569-6325"", ""address"": ""8774 Johnson Lock"", ""city"": ""Shannonberg"", ""state"": ""OK"", ""zip"": ""66750""}"
67,9423458403,Levyborough Care Center,MA,"{""phone"": ""001-250-304-7974"", ""address"": ""45650 Williams Points Apt. 584"", ""city"": ""Levyborough"", ""state"": ""MA"", ""zip"": ""10138""}"
68,9629922212,Gordonside Medical Center,GA,"{""phone"": ""599-812-1655x852"", ""address"": ""02578 Hernandez Passage"", ""city"": ""Gordonside"", ""state"": ""GA"", ""zip"": ""18822""}"
69,8207957583,Sarahmouth Hospital,CA,"{""phone"": ""(969)649-5888"", ""address"": ""55169 Robles Stream Apt. 974"", ""city"": ""Sarahmouth"", ""state"": ""CA"", ""zip"": ""86430""}"
70,8043616940,Lake Brett Family Practice,TX,"{""phone"": ""728.896.2309x1307"", ""address"": ""3689 Salas Street"", ""city"": ""Lake Brett"", ""state"": ""TX"", ""zip"": ""95843""}"
71,8156033550,Lake Devinborough Regional Hospital,MI,"{""phone"": ""+1-757-786-5278"", ""address"": ""733 Grant Fork Suite 437"", ""city"": ""Lake Devinborough"", ""state"": ""MI"", ""zip"": ""42056""}"
72,3280450184,Baileyview Regional Hospital,FL,"{""phone"": ""919-686-6524x0415"", ""address"": ""38484 Daniel Streets Apt. 308"", ""city"": ""Baileyview"", ""state"": ""FL"", ""zip"": ""30080""}"
73,6310683057,North Craig Medical Center,ID,"{""phone"": ""271-320-8267x73454"", ""address"": ""026 Sarah Camp"", ""city"": ""North Craig"", ""state"": ""ID"", ""zip"": ""52535""}"
74,6545491299,Lopezport Medical Center,NJ,"{""phone"": ""9044991547"", ""address"": ""3152 Wong Stravenue Apt. 054"", ""city"": ""Lopezport"", ""state"": ""NJ"", ""zip"": ""74921""}"
75,2541621736,East Cheryl Medical Center,CO,"{""phone"": ""+1-266-685-1612x2753"", ""address"": ""74549 Jose Lake Apt. 017"", ""city"": ""East Cheryl"", ""state"": ""CO"", ""zip"": ""40714""}"
76,6151874625,South Gina Health Center,TX,"{""phone"": ""001-741-845-9332x727"", ""address"": ""339 Alicia Pines Suite 191"", ""city"": ""South Gina"", ""state"": ""TX"", ""zip"": ""08595""}"
77,5193866376,New Amanda Family Practice,PA,"{""phone"": ""(958)271-3971"", ""address"": ""86790 Chambers Inlet Apt. 640"", ""city"": ""New Amanda"", ""state"": ""PA"", ""zip"": ""98255""}"
78,7875310509,New Charles Health Center,OK,"{""phone"": ""(851)980-1704x62265"", ""address"": ""1825 Gregory Plain Suite 823"", ""city"": ""New Charles"", ""state"": ""OK"", ""zip"": ""00956""}"
79,8193202447,West Stevenside Health Center,MD,"{""phone"": ""(286)533-7524x31069"", ""address"": ""19079 John Cape"", ""city"": ""West Stevenside"", ""state"": ""MD"", ""zip"": ""53226""}"
80,6396340973,Youngborough Health Center,NY,"{""phone"": ""001-502-884-3959x95342"", ""address"": ""0892 Peters Causeway Suite 685"", ""city"": ""Youngborough"", ""state"": ""NY"", ""zip"": ""91767""}"
81,9381126120,Russellport Care Center,NM,"{""phone"": ""(428)873-3427x0866"", ""address"": ""3517 Davis Stream"", ""city"": ""Russellport"", ""state"": ""NM"", ""zip"": ""25467""}"
82,2053932092,West Nicholaston Medical Center,NC,"{""phone"": ""239-583-7354"", ""address"": ""173 Randy Garden"", ""city"": ""West Nicholaston"", ""state"": ""NC"", ""zip"": ""72863""}"
83,1789381107,Kimberlyfurt Health Center,CA,"{""phone"": ""585.744.5877x175"", ""address"": ""0932 Jose Prairie Suite 423"", ""city"": ""Kimberlyfurt"", ""state"": ""CA"", ""zip"": ""43737""}"
84,4767474706,South Ashley Family Practice,MD,"{""phone"": ""778.454.7772"", ""address"": ""872 Alexandria Villages"", ""city"": ""South Ashley"", ""state"": ""MD"", ""zip"": ""10243""}"
85,7968892744,Port Adamberg Clinic,AR,"{""phone"": ""+1-931-220-3875x0997"", ""address"": ""860 Alyssa Harbor"", ""city"": ""Port Adamberg"", ""state"": ""AR"", ""zip"": ""70721""}"
86,4002739824,Andrechester Family Practice,MN,"{""phone"": ""(611)782-3398"", ""address"": ""1567 Veronica Fork Suite 101"", ""city"": ""Andrechester"", ""state"": ""MN"", ""zip"": ""53621""}"
87,9085298925,Bennettfort Care Center,IL,"{""phone"": ""2025176591"", ""address"": ""974 Sandra Spur"", ""city"": ""Bennettfort"", ""state"": ""IL"", ""zip"": ""37250""}"
88,3434814467,East Sarahmouth Care Center,CA,"{""phone"": ""5398261429"", ""address"": ""2185 Connor Fort Apt. 599"", ""city"": ""East Sarahmouth"", ""state"": ""CA"", ""zip"": ""78568""}"
89,4277728159,Novakmouth Health Center,CA,"{""phone"": ""4478735866"", ""address"": ""431 Joseph Light"", ""city"": ""Novakmouth"", ""state"": ""CA"", ""zip"": ""93781""}"
90,2418504837,Lake Peter Hospital,NY,"{""phone"": ""(811)904-7541x212"", ""address"": ""01581 Shields Bridge Suite 661"", ""city"": ""Lake Peter"", ""state"": ""NY"", ""zip"": ""95507""}"
91,2330050352,New Adriana Medical Center,CO,"{""phone"": ""+1-662-924-4472x12646"", ""address"": ""4379 Stephen Dale"", ""city"": ""New Adriana"", ""state"": ""CO"", ""zip"": ""40433""}"
92,4941136334,South Martinfurt Regional Hospital,VT,"{""phone"": ""775-669-2459x37526"", ""address"": ""356 Velasquez Lock Suite 193"", ""city"": ""South Martinfurt"", ""state"": ""VT"", ""zip"": ""78125""}"
93,4449878404,Lake Katrina Medical Center,NJ,"{""phone"": ""6735741672"", ""address"": ""266 Shane Rapid Suite 968"", ""city"": ""Lake Katrina"", ""state"": ""NJ"", ""zip"": ""66903""}"
94,5976937586,Stephensstad Care Center,IN,"{""phone"": ""001-789-811-3529x096"", ""address"": ""14388 Sean Lock"", ""city"": ""Stephensstad"", ""state"": ""IN"", ""zip"": ""61195""}"
95,9425259880,West Whitney Hospital,NY,"{""phone"": ""914.761.1254x5738"", ""address"": ""77514 Lisa Crescent Apt. 512"", ""city"": ""West Whitney"", ""state"": ""NY"", ""zip"": ""97558""}"
96,5314326076,New Greg Care Center,AZ,"{""phone"": ""(858)867-3622"", ""address"": ""937 Price Squares"", ""city"": ""New Greg"", ""state"": ""AZ"", ""zip"": ""28654""}"
97,4387235260,West Karen Family Practice,WA,"{""phone"": ""391-682-5537"", ""address"": ""596 Matthews Keys Suite 792"", ""city"": ""West Karen"", ""state"": ""WA"", ""zip"": ""88789""}"
98,7459842123,Samanthashire Regional Hospital,MI,"{""phone"": ""425-813-4125"", ""address"": ""296 Lopez Roads Apt. 827"", ""city"": ""Samanthashire"", ""state"": ""MI"", ""zip"": ""38359""}"
99,9560751939,East Leonard Hospital,RI,"{""phone"": ""890.950.7236x887"", ""address"": ""772 Ariana Underpass Apt. 404"", ""city"": ""East Leonard"", ""state"": ""RI"", ""zip"": ""29971""}"
100,8654803111,Garymouth Medical Center,CA,"{""phone"": ""001-778-281-9148"", ""address"": ""361 Kenneth Bypass Suite 451"", ""city"": ""Garymouth"", ""state"": ""CA"", ""zip"": ""58050""}"
101,6733664955,Port Lisaborough Medical Center,MN,"{""phone"": ""001-695-496-2923x3095"", ""address"": ""449 Farley Passage Apt. 260"", ""city"": ""Port Lisaborough"", ""state"": ""MN"", ""zip"": ""36850""}"
102,6294321999,Lake Michelle Medical Center,MN,"{""phone"": ""825.836.7294"", ""address"": ""16845 Clements Islands Apt. 175"", ""city"": ""Lake Michelle"", ""state"": ""MN"", ""zip"": ""08801""}"
103,7174867285,Robinsonchester Health Center,VA,"{""phone"": ""974.754.5892"", ""address"": ""17012 Bryant Meadow"", ""city"": ""Robinsonchester"", ""state"": ""VA"", ""zip"": ""27019""}"
104,5088861656,Lake Kevin Medical Center,NJ,"{""phone"": ""315-341-5206x436"", ""address"": ""71293 Smith Square"", ""city"": ""Lake Kevin"", ""state"": ""NJ"", ""zip"": ""45533""}"
105,8428595599,Port Robertberg Health Center,MI,"{""phone"": ""413.361.1155x4262"", ""address"": ""275 Courtney Drive"", ""city"": ""Port Robertberg"", ""state"": ""MI"", ""zip"": ""54464""}"
106,5126932735,Heathland Hospital,GA,"{""phone"": ""521-696-5652"", ""address"": ""89994 Melanie Shoals"", ""city"": ""Heathland"", ""state"": ""GA"", ""zip"": ""40038""}"
107,4980827143,New Catherine Medical Center,IL,"{""phone"": ""964.303.7613"", ""address"": ""5269 Diaz Springs"", ""city"": ""New Catherine"", ""state"": ""IL"", ""zip"": ""23146""}"
108,9265977058,Bestland Hospital,MO,"{""phone"": ""6918043006"", ""address"": ""618 Joshua Inlet Apt. 832"", ""city"": ""Bestland"", ""state"": ""MO"", ""zip"": ""70806""}"
109,8031646318,Peterland Health Center,MA,"{""phone"": ""463-303-1617x9904"", ""address"": ""202 Benton Pike"", ""city"": ""Peterland"", ""state"": ""MA"", ""zip"": ""68294""}"
110,9973311919,Garyberg Medical Center,AZ,"{""phone"": ""001-941-705-6481x4917"", ""address"": ""9252 Ayala Ports"", ""city"": ""Garyberg"", ""state"": ""AZ"", ""zip"": ""88859""}"
111,8912800217,East Joycetown Family Practice,TX,"{""phone"": ""2038075622"", ""address"": ""3654 Ashley Crest"", ""city"": ""East Joycetown"", ""state"": ""TX"", ""zip"": ""66304""}"
112,8532069216,East Jeffreyhaven Clinic,TX,"{""phone"": ""9612744518"", ""address"": ""49493 Richardson Park Apt. 832"", ""city"": ""East Jeffreyhaven"", ""state"": ""TX"", ""zip"": ""01336""}"
113,1957775786,Johnsonside Family Practice,CA,"{""phone"": ""(205)406-4138x367"", ""address"": ""03865 Villegas Corner Apt. 826"", ""city"": ""Johnsonside"", ""state"": ""CA"", ""zip"": ""10309""}"
114,6991162624,South Elaineberg Regional Hospital,NJ,"{""phone"": ""544.356.5574"", ""address"": ""91212 Owens Lodge"", ""city"": ""South Elaineberg"", ""state"": ""NJ"", ""zip"": ""16326""}"
115,6851125139,Tamiborough Family Practice,CA,"{""phone"": ""447.341.1249x035"", ""address"": ""6804 Wilkins Extensions"", ""city"": ""Tamiborough"", ""state"": ""CA"", ""zip"": ""04574""}"
116,9073300589,Bondside Medical Center,NC,"{""phone"": ""001-883-717-1210x0323"", ""address"": ""941 Wendy Flat"", ""city"": ""Bondside"", ""state"": ""NC"", ""zip"": ""85171""}"
117,1260995528,Lambland Clinic,GA,"{""phone"": ""710-570-2966x70662"", ""address"": ""4720 Deborah Parks"", ""city"": ""Lambland"", ""state"": ""GA"", ""zip"": ""54501""}"
118,2287196876,Brownview Clinic,NC,"{""phone"": ""(726)738-3806x5787"", ""address"": ""2059 Anthony Valleys Suite 078"", ""city"": ""Brownview"", ""state"": ""NC"", ""zip"": ""47350""}"
119,7990911465,East Craig Care Center,OK,"{""phone"": ""+1-734-280-3965x22395"", ""address"": ""929 Mary Valleys Suite 842"", ""city"": ""East Craig"", ""state"": ""OK"", ""zip"": ""64783""}"
120,9195744043,North Brianbury Clinic,PA,"{""phone"": ""4877059325"", ""address"": ""29218 Yu Landing"", ""city"": ""North Brianbury"", ""state"": ""PA"", ""zip"": ""92846""}"
121,6906421353,Willismouth Regional Hospital,CA,"{""phone"": ""452-826-7528x9539"", ""address"": ""422 Stacy Ports Suite 902"", ""city"": ""Willismouth"", ""state"": ""CA"", ""zip"": ""79457""}"
122,1048868507,Samanthabury Medical Center,UT,"{""phone"": ""+1-991-272-5135x5215"", ""address"": ""31541 Brandon Mill Suite 267"", ""city"": ""Samanthabury"", ""state"": ""UT"", ""zip"": ""50139""}"
123,1464921253,Amyville Care Center,FL,"{""phone"": ""793.427.1040x5411"", ""address"": ""18159 Bush Meadows Apt. 962"", ""city"": ""Amyville"", ""state"": ""FL"", ""zip"": ""07520""}"
124,8213336296,West Jamieborough Family Practice,AZ,"{""phone"": ""(288)744-4310x69872"", ""address"": ""1497 Collin Ford"", ""city"": ""West Jamieborough"", ""state"": ""AZ"", ""zip"": ""22892""}"
125,3146975385,Tiffanyfort Hospital,NJ,"{""phone"": ""446-777-4186"", ""address"": ""2704 Marshall Fork Suite 902"", ""city"": ""Tiffanyfort"", ""state"": ""NJ"", ""zip"": ""99097""}"
126,1515087461,North Elizabethside Care Center,IA,"{""phone"": ""(393)880-6868x79374"", ""address"": ""989 David Throughway"", ""city"": ""North Elizabethside"", ""state"": ""IA"", ""zip"": ""59357""}"
127,8208674681,East Teresa Regional Hospital,TX,"{""phone"": ""620.761.6329"", ""address"": ""68685 Stone Well"", ""city"": ""East Teresa"", ""state"": ""TX"", ""zip"": ""02121""}"
128,7948975591,Rodriguezberg Regional Hospital,TN,"{""phone"": ""(799)891-1914"", ""address"": ""7997 Gerald Lodge Apt. 996"", ""city"": ""Rodriguezberg"", ""state"": ""TN"", ""zip"": ""05584""}"
129,7283087055,Prestonmouth Care Center,IL,"{""phone"": ""001-330-574-5054x447"", ""address"": ""7546 Jacob Forest"", ""city"": ""Prestonmouth"", ""state"": ""IL"", ""zip"": ""53869""}"
130,1361361695,Malonestad Care Center,WA,"{""phone"": ""2824148628"", ""address"": ""03070 Bush Harbor"", ""city"": ""Malonestad"", ""state"": ""WA"", ""zip"": ""48781""}"
131,2816038996,Wagnerville Medical Center,GA,"{""phone"": ""+1-603-357-9727x98552"", ""address"": ""60293 Deborah Springs Apt. 468"", ""city"": ""Wagnerville"", ""state"": ""GA"", ""zip"": ""03129""}"
132,5540778911,South Rhondaburgh Medical Center,MO,"{""phone"": ""+1-503-949-4466x574"", ""address"": ""896 Adrian Shore Suite 899"", ""city"": ""South Rhondaburgh"", ""state"": ""MO"", ""zip"": ""37552""}"
133,7706693154,Gabriellefort Health Center,FL,"{""phone"": ""554-254-4432"", ""address"": ""520 Bright Green Suite 660"", ""city"": ""Gabriellefort"", ""state"": ""FL"", ""zip"": ""76919""}"
134,8660179897,West Jessica Family Practice,VA,"{""phone"": ""687.358.4282"", ""address"": ""48251 Michael Summit Suite 655"", ""city"": ""West Jessica"", ""state"": ""VA"", ""zip"": ""34653""}"
135,2396916931,Stevenville Care Center,CA,"{""phone"": ""809.299.1738x1684"", ""address"": ""35697 Leslie Stravenue"", ""city"": ""Stevenville"", ""state"": ""CA"", ""zip"": ""24140""}"
136,2737373417,South Marvinburgh Care Center,AR,"{""phone"": ""800-874-3292x71296"", ""address"": ""6008 Jessica Bridge Suite 830"", ""city"": ""South Marvinburgh"", ""state"": ""AR"", ""zip"": ""89203""}"
137,3436828761,Lake Jessicabury Medical Center,MA,"{""phone"": ""001-654-621-6894x210"", ""address"": ""898 Hamilton Spur Apt. 575"", ""city"": ""Lake Jessicabury"", ""state"": ""MA"", ""zip"": ""98820""}"
138,9821843063,East Stacy Family Practice,WI,"{""phone"": ""(803)632-3098x2150"", ""address"": ""010 Hannah Mall"", ""city"": ""East Stacy"", ""state"": ""WI"", ""zip"": ""58738""}"
139,6503892453,Martinezview Health Center,TX,"{""phone"": ""323.304.6184x9926"", ""address"": ""17393 Decker Flats Suite 642"", ""city"": ""Martinezview"", ""state"": ""TX"", ""zip"": ""05665""}"
140,6546780728,Lozanofort Medical Center,PA,"{""phone"": ""530-901-1972x18114"", ""address"": ""7012 Melissa Lake Suite 611"", ""city"": ""Lozanofort"", ""state"": ""PA"", ""zip"": ""99880""}"
141,1381154964,North Melissaburgh Clinic,TX,"{""phone"": ""857-994-1552x16674"", ""address"": ""212 Tina Vista Apt. 169"", ""city"": ""North Melissaburgh"", ""state"": ""TX"", ""zip"": ""63766""}"
142,7386204565,Whitefurt Regional Hospital,TX,"{""phone"": ""001-259-502-7716x70145"", ""address"": ""891 Stanley Gateway Suite 562"", ""city"": ""Whitefurt"", ""state"": ""TX"", ""zip"": ""73684""}"
143,2558150617,North Dawnburgh Hospital,MO,"{""phone"": ""877.821.7535x40838"", ""address"": ""77971 West Crest"", ""city"": ""North Dawnburgh"", ""state"": ""MO"", ""zip"": ""65692""}"
144,2651799059,North Richardton Medical Center,IL,"{""phone"": ""+1-580-919-9488"", ""address"": ""0375 Moran Lakes Suite 113"", ""city"": ""North Richardton"", ""state"": ""IL"", ""zip"": ""00788""}"
145,9820244615,Michaelport Family Practice,PA,"{""phone"": ""+1-385-610-2726"", ""address"": ""16373 Rodriguez Mall"", ""city"": ""Michaelport"", ""state"": ""PA"", ""zip"": ""06595""}"
146,8056728534,Port Patriciamouth Health Center,NC,"{""phone"": ""+1-498-427-0808x69782"", ""address"": ""9958 Barnes Rest"", ""city"": ""Port Patriciamouth"", ""state"": ""NC"", ""zip"": ""91270""}"
147,6727675078,West Raymond Regional Hospital,IA,"{""phone"": ""547-622-6984x85833"", ""address"": ""228 Page Trace Suite 879"", ""city"": ""West Raymond"", ""state"": ""IA"", ""zip"": ""75295""}"
148,2306172291,Craigside Family Practice,CA,"{""phone"": ""660-681-0620x0342"", ""address"": ""43805 Garcia Ways"", ""city"": ""Craigside"", ""state"": ""CA"", ""zip"": ""89043""}"
149,9514220081,Lake Deborah Health Center,PA,"{""phone"": ""(538)940-6665x8004"", ""address"": ""598 Kimberly Fields"", ""city"": ""Lake Deborah"", ""state"": ""PA"", ""zip"": ""39059""}"
150,6202154941,Thompsonland Hospital,FL,"{""phone"": ""(628)416-0648"", ""address"": ""405 Mckinney Drives"", ""city"": ""Thompsonland"", ""state"": ""FL"", ""zip"": ""05736""}"
151,7297983500,West Candice Clinic,VA,"{""phone"": ""001-494-879-8515x83281"", ""address"": ""53355 Carter Terrace Suite 801"", ""city"": ""West Candice"", ""state"": ""VA"", ""zip"": ""88180""}"
152,9465349686,Seanbury Family Practice,FL,"{""phone"": ""7569164840"", ""address"": ""43581 Gary Trail Apt. 133"", ""city"": ""Seanbury"", ""state"": ""FL"", ""zip"": ""90338""}"
153,2335950909,Houstonborough Health Center,CA,"{""phone"": ""+1-361-220-7501"", ""address"": ""8193 Russell Mission"", ""city"": ""Houstonborough"", ""state"": ""CA"", ""zip"": ""83104""}"
154,4636309516,Hamiltontown Health Center,TX,"{""phone"": ""(618)309-1901x5814"", ""address"": ""6607 Amanda Dale Suite 842"", ""city"": ""Hamiltontown"", ""state"": ""TX"", ""zip"": ""39567""}"
155,5267518564,Susantown Medical Center,CA,"{""phone"": ""+1-382-610-0996"", ""address"": ""536 Eugene Forges"", ""city"": ""Susantown"", ""state"": ""CA"", ""zip"": ""81357""}"
156,2206851488,Jamesburgh Medical Center,CO,"{""phone"": ""+1-790-787-8141x41397"", ""address"": ""314 Rachel Island"", ""city"": ""Jamesburgh"", ""state"": ""CO"", ""zip"": ""64183""}"
157,3502679911,Murphyport Medical Center,NY,"{""phone"": ""001-592-899-5562x053"", ""address"": ""2577 Howard Inlet Suite 812"", ""city"": ""Murphyport"", ""state"": ""NY"", ""zip"": ""85114""}"
158,4851128922,Port Juanberg Hospital,TX,"{""phone"": ""+1-834-511-0809"", ""address"": ""488 Valdez Drive"", ""city"": ""Port Juanberg"", ""state"": ""TX"", ""zip"": ""48449""}"
159,6498887922,Walkershire Hospital,DE,"{""phone"": ""001-442-478-8165x8039"", ""address"": ""29927 Williams Trace Suite 314"", ""city"": ""Walkershire"", ""state"": ""DE"", ""zip"": ""48923""}"
160,4706298068,North Elizabeth Family Practice,IL,"{""phone"": ""456.877.0051x84498"", ""address"": ""9184 Kaufman Fork Suite 557"", ""city"": ""North Elizabeth"", ""state"": ""IL"", ""zip"": ""63692""}"
161,4679047984,New Nicolemouth Care Center,PA,"{""phone"": ""(731)384-3222"", ""address"": ""5177 Clark Estates"", ""city"": ""New Nicolemouth"", ""state"": ""PA"", ""zip"": ""85338""}"
162,6294756235,Johnsonton Clinic,WA,"{""phone"": ""(299)422-8092"", ""address"": ""86990 Valentine Forge Suite 977"", ""city"": ""Johnsonton"", ""state"": ""WA"", ""zip"": ""22857""}"
163,3853368201,Port Robert Regional Hospital,MN,"{""phone"": ""(392)598-4257"", ""address"": ""2103 Serrano Rest Apt. 279"", ""city"": ""Port Robert"", ""state"": ""MN"", ""zip"": ""79119""}"
164,4765600396,Port Amandaville Medical Center,CA,"{""phone"": ""772-298-0686"", ""address"": ""76599 Ronald Glens Suite 314"", ""city"": ""Port Amandaville"", ""state"": ""CA"", ""zip"": ""78920""}"
165,5267194075,Scotttown Clinic,AL,"{""phone"": ""001-309-481-8063x565"", ""address"": ""944 Cunningham Ridge Suite 636"", ""city"": ""Scotttown"", ""state"": ""AL"", ""zip"": ""72866""}"
166,6152121397,Whiteside Clinic,FL,"{""phone"": ""+1-574-949-5621"", ""address"": ""38658 Eugene Roads"", ""city"": ""Whiteside"", ""state"": ""FL"", ""zip"": ""01194""}"
167,6091947103,Port Dustinchester Family Practice,CA,"{""phone"": ""814-635-1906"", ""address"": ""77038 Lee Tunnel"", ""city"": ""Port Dustinchester"", ""state"": ""CA"", ""zip"": ""79080""}"
168,6831536339,New Gavin Family Practice,NC,"{""phone"": ""8538021465"", ""address"": ""011 Barber Points"", ""city"": ""New Gavin"", ""state"": ""NC"", ""zip"": ""76907""}"
169,6871897508,Michaelview Family Practice,CA,"{""phone"": ""893.376.9042"", ""address"": ""451 Walter Via"", ""city"": ""Michaelview"", ""state"": ""CA"", ""zip"": ""75853""}"
170,8086889997,Heatherfurt Hospital,MS,"{""phone"": ""001-373-657-7907"", ""address"": ""3356 Black Branch"", ""city"": ""Heatherfurt"", ""state"": ""MS"", ""zip"": ""92358""}"
171,5942299451,Johnland Clinic,OH,"{""phone"": ""(951)582-7553x9423"", ""address"": ""343 James Gateway"", ""city"": ""Johnland"", ""state"": ""OH"", ""zip"": ""81581""}"
172,6634112327,Ericville Health Center,NJ,"{""phone"": ""717-990-8075"", ""address"": ""2846 Karen Crossroad Apt. 867"", ""city"": ""Ericville"", ""state"": ""NJ"", ""zip"": ""71380""}"
173,4245916009,New Michaelburgh Regional Hospital,FL,"{""phone"": ""718.675.0036x915"", ""address"": ""434 Mullen Junctions"", ""city"": ""New Michaelburgh"", ""state"": ""FL"", ""zip"": ""48463""}"
174,7630351195,South Rodney Health Center,TN,"{""phone"": ""(855)864-7292x93143"", ""address"": ""27026 Taylor Vista"", ""city"": ""South Rodney"", ""state"": ""TN"", ""zip"": ""83161""}"
175,8977625979,Kristenport Medical Center,OH,"{""phone"": ""989-706-1203x471"", ""address"": ""5884 Smith Crossing Suite 939"", ""city"": ""Kristenport"", ""state"": ""OH"", ""zip"": ""75984""}"
176,5532696326,Port Justin Regional Hospital,OR,"{""phone"": ""887-371-6947x22569"", ""address"": ""53554 Jacobs Locks"", ""city"": ""Port Justin"", ""state"": ""OR"", ""zip"": ""36054""}"
177,5682476032,Normanstad Clinic,CA,"{""phone"": ""001-498-876-2202x3413"", ""address"": ""17800 Warren Corner"", ""city"": ""Normanstad"", ""state"": ""CA"", ""zip"": ""14123""}"
178,3830056225,Christineland Care Center,CA,"{""phone"": ""+1-764-733-4722x8200"", ""address"": ""8487 Tara Square Apt. 997"", ""city"": ""Christineland"", ""state"": ""CA"", ""zip"": ""83213""}"
179,8536441260,Millsside Hospital,VA,"{""phone"": ""257-283-1745x6424"", ""address"": ""4780 Arroyo Neck"", ""city"": ""Millsside"", ""state"": ""VA"", ""zip"": ""39771""}"
180,2042710518,Port Russellport Health Center,KY,"{""phone"": ""+1-830-885-3686x632"", ""address"": ""1638 Mitchell Summit"", ""city"": ""Port Russellport"", ""state"": ""KY"", ""zip"": ""70223""}"
181,1648532323,Robertland Regional Hospital,HI,"{""phone"": ""(924)517-9749"", ""address"": ""20802 Julian Crossroad Suite 031"", ""city"": ""Robertland"", ""state"": ""HI"", ""zip"": ""20251""}"
182,1500111252,South Jeffchester Care Center,MN,"{""phone"": ""975-470-5120x4618"", ""address"": ""6013 Wise Mills"", ""city"": ""South Jeffchester"", ""state"": ""MN"", ""zip"": ""32897""}"
183,3525502924,East Stevenville Health Center,NC,"{""phone"": ""537.764.5208x81474"", ""address"": ""313 Nguyen Expressway"", ""city"": ""East Stevenville"", ""state"": ""NC"", ""zip"": ""36689""}"
184,2556950006,South Kristinatown Hospital,WA,"{""phone"": ""9973925132"", ""address"": ""005 Jacqueline Turnpike Apt. 273"", ""city"": ""South Kristinatown"", ""state"": ""WA"", ""zip"": ""42016""}"
185,3825040327,Lindamouth Medical Center,GA,"{""phone"": ""001-930-565-2407x7848"", ""address"": ""557 Dillon Rapid"", ""city"": ""Lindamouth"", ""state"": ""GA"", ""zip"": ""73183""}"
186,1132145592,North Amanda Care Center,VT,"{""phone"": ""744.585.7086x209"", ""address"": ""186 Alexandria Parks Apt. 945"", ""city"": ""North Amanda"", ""state"": ""VT"", ""zip"": ""54214""}"
187,8444560819,Danielhaven Family Practice,AZ,"{""phone"": ""+1-910-622-0317x31096"", ""address"": ""3910 Diana Village"", ""city"": ""Danielhaven"", ""state"": ""AZ"", ""zip"": ""10981""}"
188,4350354158,Owenton Care Center,NJ,"{""phone"": ""(586)350-9480x141"", ""address"": ""386 James Shoals"", ""city"": ""Owenton"", ""state"": ""NJ"", ""zip"": ""33106""}"
189,2382516091,New Kara Clinic,NY,"{""phone"": ""(919)757-6122x86852"", ""address"": ""556 Mckenzie Islands Apt. 983"", ""city"": ""New Kara"", ""state"": ""NY"", ""zip"": ""49661""}"
190,2077053002,Michaelmouth Family Practice,CA,"{""phone"": ""560.504.9082x404"", ""address"": ""48889 Clinton Mount Suite 224"", ""city"": ""Michaelmouth"", ""state"": ""CA"", ""zip"": ""48615""}"
191,4284274249,East Jonathan Health Center,CA,"{""phone"": ""619-269-3157x2791"", ""address"": ""05566 Molly Forks Apt. 604"", ""city"": ""East Jonathan"", ""state"": ""CA"", ""zip"": ""69232""}"
192,9959180252,West Amberberg Regional Hospital,MD,"{""phone"": ""883-420-6799x81364"", ""address"": ""1790 Baker Locks"", ""city"": ""West Amberberg"", ""state"": ""MD"", ""zip"": ""66275""}"
193,7948944021,Ayalaberg Hospital,WA,"{""phone"": ""001-327-683-7693x89833"", ""address"": ""9116 Diaz Field Suite 590"", ""city"": ""Ayalaberg"", ""state"": ""WA"", ""zip"": ""40454""}"
194,7188985441,West Christina Hospital,NY,"{""phone"": ""592.470.3352x110"", ""address"": ""51477 Martin Streets Apt. 388"", ""city"": ""West Christina"", ""state"": ""NY"", ""zip"": ""98851""}"
195,7348657288,Anaberg Care Center,VA,"{""phone"": ""001-606-298-0420x439"", ""address"": ""016 Alvarado Shoals Suite 104"", ""city"": ""Anaberg"", ""state"": ""VA"", ""zip"": ""85620""}"
196,6767997710,Hallfurt Hospital,TN,"{""phone"": ""515.679.8123x87800"", ""address"": ""6205 Kelly Hollow Apt. 840"", ""city"": ""Hallfurt"", ""state"": ""TN"", ""zip"": ""82524""}"
197,1096548804,Natashatown Family Practice,MI,"{""phone"": ""+1-543-825-6216"", ""address"": ""264 Cole Curve"", ""city"": ""Natashatown"", ""state"": ""MI"", ""zip"": ""27601""}"
198,5725794726,New Amber Clinic,SC,"{""phone"": ""724.382.6292"", ""address"": ""52056 Turner Summit"", ""city"": ""New Amber"", ""state"": ""SC"", ""zip"": ""83973""}"
199,2473761738,Edwinborough Family Practice,AZ,"{""phone"": ""522-509-9499"", ""address"": ""051 Anderson Vista"", ""city"": ""Edwinborough"", ""state"": ""AZ"", ""zip"": ""79761""}"
200,8526738614,Josephstad Clinic,CA,"{""phone"": ""(867)272-2330"", ""address"": ""3331 Sara Mill Suite 573"", ""city"": ""Josephstad"", ""state"": ""CA"", ""zip"": ""56541""}"
